volume,volume_weighted_average_price,open,close,high,low,timestamp,number_of_transactions
3.068979e7,57.7808,58.75,58.1,58.93,56.51,2021-03-22T04:00:00.0,218106
2.1521027e7,56.6217,56.99,56.16,57.7621,55.705,2021-03-23T04:00:00.0,155758
1.9182044e7,56.6502,56.68,55.81,57.48,55.71,2021-03-24T04:00:00.0,139546
1.6342576e7,55.6643,54.6,56.6,56.82,54.25,2021-03-25T04:00:00.0,131048
1.6511686e7,56.3319,57.01,56.52,57.34,55.345,2021-03-26T04:00:00.0,112279
1.6230894e7,56.2334,56.08,55.94,57.2,55.74,2021-03-29T04:00:00.0,110920
1.9739603e7,57.8617,56.6,58.51,58.63,56.4,2021-03-30T04:00:00.0,124465
1.8974027e7,57.7143,58.28,57.46,58.58,57.265,2021-03-31T04:00:00.0,122749
1.7969907e7,57.6655,57.92,57.8,58.22,57.035,2021-04-01T04:00:00.0,117517
2.4832221e7,60.3127,59.0,61.04,61.185,58.75,2021-04-05T04:00:00.0,165565
3.9882351e7,61.971,60.5,61.94,63.44,60.44,2021-04-06T04:00:00.0,253261
1.7341999e7,61.1814,61.86,60.83,61.865,60.69,2021-04-07T04:00:00.0,119892
1.9197921e7,59.8027,60.36,60.09,60.75,58.81,2021-04-08T04:00:00.0,131318
1.2376176e7,59.9625,59.56,60.16,60.38,59.42,2021-04-09T04:00:00.0,84761
1.04206e7,59.7255,60.2,59.66,60.29,59.29,2021-04-12T04:00:00.0,77531
1.7634546e7,58.3957,59.23,58.49,59.54,57.89,2021-04-13T04:00:00.0,121455
1.4771133e7,58.8553,58.59,58.48,59.65,58.25,2021-04-14T04:00:00.0,98744
1.4669664e7,58.825,59.45,58.61,59.53,58.37,2021-04-15T04:00:00.0,101177
1.1478051e7,58.7409,59.01,58.71,59.31,58.28,2021-04-16T04:00:00.0,84756
1.2414774e7,57.917,58.57,57.88,58.74,57.23,2021-04-19T04:00:00.0,92877
2.3945872e7,55.6519,57.12,55.77,57.28,54.92,2021-04-20T04:00:00.0,170411
1.4825376e7,56.6603,55.28,57.49,57.5,54.71,2021-04-21T04:00:00.0,102190
1.6001228e7,56.9469,57.54,56.66,57.8,56.13,2021-04-22T04:00:00.0,119561
1.0983295e7,57.2973,56.77,57.53,57.7382,56.43,2021-04-23T04:00:00.0,82127
1.1736984e7,58.1844,57.86,58.21,58.58,57.6599,2021-04-26T04:00:00.0,77160
9.423274e6,58.7344,58.265,58.97,59.1,58.02,2021-04-27T04:00:00.0,76701
1.0643707e7,58.556,59.0,58.55,59.0,58.27,2021-04-28T04:00:00.0,88551
2.1513086e7,56.4117,57.74,56.57,57.75,55.69,2021-04-29T04:00:00.0,158220
1.5493154e7,56.9714,56.18,57.22,57.34,56.09,2021-04-30T04:00:00.0,103937
1.1760534e7,57.2981,57.6,57.15,58.34,56.705,2021-05-03T04:00:00.0,85876
2.2489285e7,55.4329,56.55,55.34,56.59,54.82,2021-05-04T04:00:00.0,165138
2.7133941e7,57.3217,57.09,57.58,57.89,56.33,2021-05-05T04:00:00.0,166022
2.031179e7,58.1045,57.43,58.72,58.77,57.43,2021-05-06T04:00:00.0,148291
1.5648676e7,58.6077,58.0,58.99,59.045,57.27,2021-05-07T04:00:00.0,108012
1.4726766e7,58.3103,59.0,57.41,59.58,57.36,2021-05-10T04:00:00.0,113262
2.2998125e7,55.7796,56.15,55.73,56.75,54.87,2021-05-11T04:00:00.0,163688
1.9492554e7,54.403,55.54,53.76,55.71,53.52,2021-05-12T04:00:00.0,144790
1.3481158e7,54.7743,54.43,54.6,55.51,54.13,2021-05-13T04:00:00.0,108917
1.1485761e7,55.667,55.12,56.0,56.04,55.01,2021-05-14T04:00:00.0,79406
1.114064e7,55.7588,55.84,56.04,56.115,55.19,2021-05-17T04:00:00.0,86793
1.1614523e7,56.2525,56.23,55.89,56.81,55.85,2021-05-18T04:00:00.0,74318
1.1870758e7,54.9758,55.0,55.53,55.62,54.1206,2021-05-19T04:00:00.0,95126
1.1624713e7,55.5036,55.92,55.51,56.04,55.19,2021-05-20T04:00:00.0,81660
1.5363579e7,56.5126,56.01,56.72,58.78,55.77,2021-05-21T04:00:00.0,106134
9.097493e6,56.7725,57.05,56.6,57.2,56.32,2021-05-24T04:00:00.0,66422
1.6460066e7,57.0589,56.87,56.76,58.17,56.705,2021-05-25T04:00:00.0,87582
1.4346149e7,57.8428,56.97,58.08,58.17,56.77,2021-05-26T04:00:00.0,96494
3.4161834e7,59.9476,60.0,59.77,60.72,59.21,2021-05-27T04:00:00.0,190720
1.2814798e7,59.2808,59.88,59.31,59.99,58.59,2021-05-28T04:00:00.0,91328
1.0565431e7,59.6907,59.99,59.65,60.25,59.25,2021-06-01T04:00:00.0,78727
1.2137192e7,59.6804,60.26,59.65,60.26,59.13,2021-06-02T04:00:00.0,90135
3.7667069e7,62.7416,61.57,63.46,63.675,60.71,2021-06-03T04:00:00.0,244285
2.121266e7,63.1504,63.57,63.37,63.88,62.39,2021-06-04T04:00:00.0,147173
1.5772306e7,63.3004,63.98,63.23,64.3,62.63,2021-06-07T04:00:00.0,118975
1.3184401e7,63.4574,63.02,63.92,63.965,62.43,2021-06-08T04:00:00.0,97046
1.4594179e7,63.3541,63.95,62.77,64.158,62.69,2021-06-09T04:00:00.0,98059
1.6247559e7,61.7059,62.83,61.34,63.0495,61.165,2021-06-10T04:00:00.0,107915
1.0359045e7,61.5367,61.36,61.49,62.011,61.1624,2021-06-11T04:00:00.0,80332
1.5589225e7,60.7419,61.47,60.79,61.64,60.305,2021-06-14T04:00:00.0,106257
1.088215e7,60.6809,60.68,60.81,61.11,59.98,2021-06-15T04:00:00.0,82186
3.1454366e7,62.011,62.46,61.76,63.09,61.2,2021-06-16T04:00:00.0,198884
1.9908922e7,60.4562,61.82,60.08,62.4018,59.36,2021-06-17T04:00:00.0,148542
2.6368523e7,58.9387,59.28,58.76,59.59,58.41,2021-06-18T04:00:00.0,147821
1.2468943e7,59.2445,59.75,59.3,59.75,58.82,2021-06-21T04:00:00.0,89988
8.988767e6,59.3081,59.54,59.24,59.6,59.02,2021-06-22T04:00:00.0,72658
1.1772786e7,59.946,59.85,60.12,60.43,59.46,2021-06-23T04:00:00.0,85508
1.4627107e7,60.0674,60.39,60.04,60.5,59.76,2021-06-24T04:00:00.0,81130
1.4418036e7,60.2987,60.29,60.3,60.58,60.0201,2021-06-25T04:00:00.0,73284
1.7354121e7,58.8362,60.31,58.64,60.38,58.433,2021-06-28T04:00:00.0,119875
1.2348224e7,58.9413,59.2,58.83,59.545,58.7,2021-06-29T04:00:00.0,73496
1.2452696e7,59.1303,58.74,59.17,59.465,58.61,2021-06-30T04:00:00.0,74827
1.187553e7,59.2324,59.44,59.11,59.73,58.775,2021-07-01T04:00:00.0,81966
9.88512e6,58.8636,59.11,58.96,59.32,58.52,2021-07-02T04:00:00.0,68352
1.64492e7,57.5233,58.92,57.46,58.93,57.01,2021-07-06T04:00:00.0,121416
1.319551e7,56.6826,57.34,56.59,57.4,56.13,2021-07-07T04:00:00.0,99392
1.4366615e7,55.809,55.3,56.06,56.585,54.86,2021-07-08T04:00:00.0,109161
2.464527e7,58.4599,58.8,58.76,58.92,57.885,2021-07-09T04:00:00.0,146110
1.4853667e7,58.776,58.56,58.97,59.17,57.82,2021-07-12T04:00:00.0,83461
1.4809156e7,58.8377,59.04,58.73,59.26,58.255,2021-07-13T04:00:00.0,100315
1.271993e7,58.2528,58.89,58.0,59.36,57.705,2021-07-14T04:00:00.0,86903
1.2330074e7,57.0849,57.12,56.95,57.69,56.59,2021-07-15T04:00:00.0,85117
1.3794886e7,56.1344,57.48,55.46,57.48,55.37,2021-07-16T04:00:00.0,98016
2.1141623e7,53.7927,53.9,54.18,54.43,52.63,2021-07-19T04:00:00.0,160678
1.3469481e7,55.6578,54.26,56.15,56.38,54.12,2021-07-20T04:00:00.0,103615
1.1185491e7,56.9607,56.8,57.05,57.47,56.56,2021-07-21T04:00:00.0,82075
1.2132297e7,55.8369,56.75,55.64,56.76,55.49,2021-07-22T04:00:00.0,84773
1.4765894e7,55.1708,55.31,54.94,55.786,54.81,2021-07-23T04:00:00.0,90967
9.805668e6,55.6295,55.24,55.77,55.91,55.1,2021-07-26T04:00:00.0,69309
1.3575048e7,54.7761,55.21,55.0,55.36,54.215,2021-07-27T04:00:00.0,103643
1.0655051e7,55.3286,55.42,55.49,55.86,54.685,2021-07-28T04:00:00.0,74242
1.5438984e7,57.2996,57.0,57.28,57.7398,56.82,2021-07-29T04:00:00.0,108496
1.3185464e7,57.0183,56.72,56.84,57.805,56.62,2021-07-30T04:00:00.0,87225
1.2397528e7,57.5187,57.37,57.03,58.6,56.88,2021-08-02T04:00:00.0,90392
1.2273518e7,57.5878,57.47,57.88,57.96,56.61,2021-08-03T04:00:00.0,91331
6.7667165e7,53.2456,55.23,52.72,55.45,52.21,2021-08-04T04:00:00.0,439523
2.8571443e7,54.3636,53.86,54.44,54.88,53.55,2021-08-05T04:00:00.0,177371
1.4970095e7,54.9899,54.81,55.05,55.345,54.26,2021-08-06T04:00:00.0,106010
1.6079978e7,53.9488,54.27,53.95,54.37,53.4,2021-08-09T04:00:00.0,106440
1.4479057e7,54.0836,54.0,54.26,54.38,53.66,2021-08-10T04:00:00.0,95667
1.5814572e7,53.8996,54.42,54.27,54.5,53.45,2021-08-11T04:00:00.0,100891
1.0766205e7,54.6007,54.44,54.62,55.04,54.185,2021-08-12T04:00:00.0,79476
1.1849194e7,53.9616,54.56,53.65,54.71,53.59,2021-08-13T04:00:00.0,84784
1.7029236e7,52.8956,53.01,52.95,53.255,52.49,2021-08-16T04:00:00.0,122557
2.8357808e7,50.7839,51.98,50.47,52.08,50.2,2021-08-17T04:00:00.0,191201
1.5271357e7,51.025,50.53,50.84,51.4899,50.4,2021-08-18T04:00:00.0,116827
2.3387332e7,49.2995,50.0,49.08,50.22,48.67,2021-08-19T04:00:00.0,160627
1.6548401e7,48.6433,48.96,48.8,49.14,48.35,2021-08-20T04:00:00.0,116917
3.0149156e7,47.8498,48.16,48.18,48.35,47.07,2021-08-23T04:00:00.0,178686
2.1370702e7,49.3206,48.5,49.57,49.865,48.23,2021-08-24T04:00:00.0,124418
1.4106585e7,49.6706,49.49,49.7,49.93,49.16,2021-08-25T04:00:00.0,93035
1.6599237e7,48.7797,49.47,48.62,49.47,48.5201,2021-08-26T04:00:00.0,108040
1.4874277e7,49.6621,48.75,49.8,50.07,48.66,2021-08-27T04:00:00.0,101847
1.3611394e7,49.2433,49.95,49.17,49.95,48.95,2021-08-30T04:00:00.0,92851
1.4293107e7,49.0738,49.17,49.01,49.43,48.67,2021-08-31T04:00:00.0,99568
1.0858828e7,49.2094,49.1,49.11,49.64,48.68,2021-09-01T04:00:00.0,92991
1.3370754e7,49.1186,49.15,48.95,49.5,48.81,2021-09-02T04:00:00.0,92612
9.937933e6,48.7807,48.8,48.82,48.995,48.42,2021-09-03T04:00:00.0,74836
1.251701e7,48.7756,48.49,48.72,49.225,48.4201,2021-09-07T04:00:00.0,95593
1.1136342e7,48.8755,48.64,48.97,49.52,48.42,2021-09-08T04:00:00.0,82072
1.3739528e7,48.3417,48.95,48.42,48.95,47.8,2021-09-09T04:00:00.0,100139
2.2774716e7,49.7571,48.69,49.49,50.42,48.69,2021-09-10T04:00:00.0,163182
1.8694759e7,50.4581,50.11,50.82,50.95,49.6,2021-09-13T04:00:00.0,120767
1.2763359e7,50.8463,51.22,50.74,51.42,50.5,2021-09-14T04:00:00.0,100238
1.3754477e7,51.4896,50.79,51.82,51.93,50.54,2021-09-15T04:00:00.0,105153
1.2617326e7,51.4831,51.59,51.52,51.9,50.91,2021-09-16T04:00:00.0,97618
4.5119255e7,51.3283,51.33,51.33,51.93,50.99,2021-09-17T04:00:00.0,123548
2.41306e7,48.9161,49.45,49.37,49.54,48.37,2021-09-20T04:00:00.0,190237
1.4172717e7,49.402,49.57,49.37,49.775,48.785,2021-09-21T04:00:00.0,98085
1.3026299e7,50.8064,50.03,50.78,51.22,50.03,2021-09-22T04:00:00.0,102407
1.404321e7,51.7216,51.1,51.92,52.075,51.04,2021-09-23T04:00:00.0,99182
1.1643547e7,52.3142,51.88,52.23,52.63,51.72,2021-09-24T04:00:00.0,83401
1.3861381e7,53.1905,52.41,53.24,53.57,52.38,2021-09-27T04:00:00.0,103062
1.6422907e7,53.2271,53.77,52.85,54.21,52.7,2021-09-28T04:00:00.0,117421
1.0881056e7,52.9882,53.3,52.93,53.36,52.53,2021-09-29T04:00:00.0,90353
1.6445876e7,52.7717,52.93,52.71,53.2,52.18,2021-09-30T04:00:00.0,119901
1.6660419e7,52.8553,53.03,53.13,53.38,52.25,2021-10-01T04:00:00.0,130855
2.892918e7,54.543,54.9,53.98,55.64,53.68,2021-10-04T04:00:00.0,207532
1.8201517e7,54.2372,54.19,54.34,54.735,53.6488,2021-10-05T04:00:00.0,127120
2.9519194e7,53.9623,54.49,53.93,55.5,53.15,2021-10-06T04:00:00.0,200199
3.1005968e7,56.0403,54.85,56.44,56.74,54.435,2021-10-07T04:00:00.0,198130
3.3923166e7,58.3736,56.54,58.57,59.21,56.3811,2021-10-08T04:00:00.0,229421
1.7655811e7,58.6194,58.79,58.09,59.345,57.77,2021-10-11T04:00:00.0,120496
1.709497e7,58.8612,58.52,58.96,59.33,57.86,2021-10-12T04:00:00.0,122001
1.8792196e7,57.8982,58.94,57.77,58.94,57.08,2021-10-13T04:00:00.0,108368
1.145755e7,57.7783,58.1,57.69,58.29,57.45,2021-10-14T04:00:00.0,81862
1.2914587e7,58.2049,58.34,58.0,58.7146,57.85,2021-10-15T04:00:00.0,82535
1.2626025e7,57.1419,57.41,56.89,57.58,56.845,2021-10-18T04:00:00.0,83544
1.0589015e7,56.8073,57.0,56.85,57.06,56.53,2021-10-19T04:00:00.0,80669
1.3399851e7,57.5922,56.36,57.67,58.24,56.22,2021-10-20T04:00:00.0,96818
1.1585401e7,58.3221,58.0,58.41,58.67,57.73,2021-10-21T04:00:00.0,87188
1.1077606e7,58.0651,58.37,57.77,58.7,57.64,2021-10-22T04:00:00.0,80167
1.4151033e7,57.5802,58.05,57.76,58.31,56.84,2021-10-25T04:00:00.0,93998
1.6308562e7,57.4656,58.02,57.37,58.295,56.96,2021-10-26T04:00:00.0,103311
3.639756e7,55.04,55.6,54.26,55.76,54.155,2021-10-27T04:00:00.0,236524
2.3020297e7,54.7644,54.6,54.24,55.58,54.06,2021-10-28T04:00:00.0,152846
1.6680739e7,54.4313,53.9,54.43,55.04,53.612,2021-10-29T04:00:00.0,114436
1.5677568e7,55.119,54.85,55.49,55.74,54.42,2021-11-01T04:00:00.0,119156
1.6377488e7,55.5336,55.03,55.59,55.975,54.68,2021-11-02T04:00:00.0,122760
1.4419373e7,55.7167,55.26,56.0,56.17,55.09,2021-11-03T04:00:00.0,115960
2.4026099e7,57.9785,56.47,58.64,58.77,56.27,2021-11-04T04:00:00.0,159015
1.6302208e7,58.7146,59.15,58.52,59.35,58.05,2021-11-05T04:00:00.0,126582
1.4385453e7,59.6894,58.76,59.6,60.33,58.48,2021-11-08T05:00:00.0,113880
1.3822868e7,58.6344,59.81,58.62,59.93,57.81,2021-11-09T05:00:00.0,109553
2.2755976e7,59.3575,57.85,59.27,60.555,57.73,2021-11-10T05:00:00.0,168693
2.9033882e7,61.29,59.82,61.82,62.15,59.3065,2021-11-11T05:00:00.0,178870
3.1152375e7,63.1632,61.59,63.4,64.03,61.28,2021-11-12T05:00:00.0,193238
1.4372134e7,63.1737,63.655,62.97,63.73,62.625,2021-11-15T05:00:00.0,118607
1.6114989e7,62.5812,63.24,62.61,63.28,61.93,2021-11-16T05:00:00.0,125471
2.9875782e7,64.2786,63.33,64.61,65.07,62.375,2021-11-17T05:00:00.0,209119
2.33081e7,63.2983,64.33,62.33,65.18,62.09,2021-11-18T05:00:00.0,181446
1.952064e7,62.1815,62.48,61.8,62.9699,61.56,2021-11-19T05:00:00.0,111026
1.9844304e7,63.8383,61.95,64.06,64.955,61.76,2021-11-22T05:00:00.0,159476
1.6231225e7,62.8714,63.73,63.05,64.04,62.26,2021-11-23T05:00:00.0,141913
1.2685005e7,62.1739,62.3,62.19,62.6,61.63,2021-11-24T05:00:00.0,93196
1.3272565e7,59.9576,59.8,60.17,60.57,59.46,2021-11-26T05:00:00.0,108892
1.5033078e7,60.1217,61.11,59.86,61.54,59.65,2021-11-29T05:00:00.0,119083
2.1282186e7,58.2091,59.2,57.87,59.84,57.44,2021-11-30T05:00:00.0,158409
2.6371657e7,59.1779,59.25,58.06,60.59,58.01,2021-12-01T05:00:00.0,222767
2.5365108e7,60.5607,58.75,61.02,61.3,58.7,2021-12-02T05:00:00.0,186902
1.9596053e7,60.2171,61.235,59.71,61.69,58.87,2021-12-03T05:00:00.0,157653
1.6728215e7,60.0396,60.47,59.84,60.73,58.7,2021-12-06T05:00:00.0,121493
1.4135732e7,61.752,60.91,61.53,62.38,60.7,2021-12-07T05:00:00.0,117084
1.0004096e7,60.7951,61.65,60.78,61.81,60.4188,2021-12-08T05:00:00.0,87983
1.2964758e7,59.9092,60.38,59.62,60.63,59.59,2021-12-09T05:00:00.0,91847
2.283982e7,61.9379,60.1,63.21,63.285,60.1,2021-12-10T05:00:00.0,161629
2.7327011e7,60.0096,62.07,59.13,62.18,59.02,2021-12-13T05:00:00.0,183416
1.7928743e7,58.3304,57.97,58.4,59.2,57.7003,2021-12-14T05:00:00.0,137864
1.4462541e7,57.9541,58.3,58.61,58.89,57.035,2021-12-15T05:00:00.0,117705
1.7772236e7,58.9867,59.4,58.39,60.62,58.025,2021-12-16T05:00:00.0,128123
4.2236467e7,55.4321,56.2,55.16,56.39,54.51,2021-12-17T05:00:00.0,250307
1.9073865e7,53.6789,54.02,54.04,54.54,53.14,2021-12-20T05:00:00.0,153912
1.5564661e7,54.5242,54.5,54.79,54.9,53.84,2021-12-21T05:00:00.0,104442
1.6693958e7,55.8975,54.79,56.08,56.345,54.75,2021-12-22T05:00:00.0,113801
1.3722304e7,56.6351,56.07,56.91,57.0946,55.77,2021-12-23T05:00:00.0,98912
9.08579e6,57.295,56.89,57.43,57.75,56.53,2021-12-27T05:00:00.0,78268
8.583973e6,57.3538,57.4,57.11,58.12,57.01,2021-12-28T05:00:00.0,65880
7.982315e6,57.321,57.11,57.23,57.7,56.74,2021-12-29T05:00:00.0,63205
1.1965917e7,58.3082,57.45,58.13,58.78,57.26,2021-12-30T05:00:00.0,89769
9.856338e6,58.6688,58.0,58.63,59.05,57.92,2021-12-31T05:00:00.0,77417
2.100209e7,60.9116,59.87,61.17,61.57,59.74,2022-01-03T05:00:00.0,153372
4.4661264e7,64.8222,61.955,65.74,65.98,61.955,2022-01-04T05:00:00.0,331784
4.3578697e7,64.6297,65.52,62.74,67.21,62.6,2022-01-05T05:00:00.0,311337
2.0650937e7,62.7503,63.165,62.87,63.5,61.67,2022-01-06T05:00:00.0,172934
1.713611e7,62.3374,63.81,62.27,63.91,61.42,2022-01-07T05:00:00.0,136658
1.8980397e7,60.7712,61.52,61.07,62.0,60.035,2022-01-10T05:00:00.0,146288
1.6463825e7,60.9923,61.25,61.46,61.555,60.1501,2022-01-11T05:00:00.0,126100
2.0214958e7,60.793,62.47,61.03,62.72,59.635,2022-01-12T05:00:00.0,156007
1.9282956e7,62.3887,61.45,61.77,63.38,61.15,2022-01-13T05:00:00.0,141863
1.6180297e7,60.9321,61.1,61.1,61.765,59.99,2022-01-14T05:00:00.0,133215
1.8317577e7,58.9869,60.13,58.79,60.35,58.54,2022-01-18T05:00:00.0,161269
2.0576033e7,57.3157,59.31,56.24,59.8399,56.125,2022-01-19T05:00:00.0,161438
2.1554099e7,55.7933,56.02,54.65,57.3256,54.415,2022-01-20T05:00:00.0,164230
2.5658828e7,53.7198,54.52,53.28,54.7,52.6857,2022-01-21T05:00:00.0,191219
3.286807e7,51.0213,51.4,52.64,52.66,49.365,2022-01-24T05:00:00.0,272061
2.2164485e7,51.7651,51.6,51.9,52.5133,50.82,2022-01-25T05:00:00.0,177436
2.3174312e7,52.8884,53.57,52.35,53.99,51.47,2022-01-26T05:00:00.0,177501
2.1357414e7,51.885,52.845,51.45,53.35,51.0699,2022-01-27T05:00:00.0,172559
2.6732579e7,50.0279,51.25,50.24,51.25,49.24,2022-01-28T05:00:00.0,204849
2.0255201e7,51.9921,50.5,52.73,52.75,49.97,2022-01-31T05:00:00.0,148032
2.3169552e7,53.5688,52.85,54.07,54.24,52.12,2022-02-01T05:00:00.0,188803
3.4370692e7,53.1701,54.92,53.5,55.55,51.68,2022-02-02T05:00:00.0,222933
2.3745526e7,53.2565,52.6,53.11,54.42,52.55,2022-02-03T05:00:00.0,160189
2.27759e7,51.1888,51.62,51.29,51.85,50.515,2022-02-04T05:00:00.0,182666
1.8046539e7,51.0816,51.49,50.71,52.0,50.52,2022-02-07T05:00:00.0,138433
3.8629675e7,48.8109,48.74,49.46,49.88,47.58,2022-02-08T05:00:00.0,259715
2.4290773e7,50.9011,50.31,50.72,51.68,50.16,2022-02-09T05:00:00.0,158251
1.701757e7,50.7393,49.73,50.34,51.785,49.6,2022-02-10T05:00:00.0,150554
2.0183818e7,49.6152,50.64,48.83,50.97,48.5405,2022-02-11T05:00:00.0,159295
1.7527082e7,48.5196,48.87,48.4,49.19,48.0,2022-02-14T05:00:00.0,128819
1.5242462e7,49.5432,49.36,49.67,49.91,48.93,2022-02-15T05:00:00.0,121828
1.3865518e7,50.1023,49.43,50.43,50.565,49.26,2022-02-16T05:00:00.0,112895
1.3482818e7,49.1997,49.81,48.82,49.8494,48.66,2022-02-17T05:00:00.0,114809
1.6615897e7,48.519,48.92,48.6,49.21,47.92,2022-02-18T05:00:00.0,133424
1.9620265e7,46.9698,47.78,46.77,47.94,46.155,2022-02-22T05:00:00.0,149703
1.3667729e7,46.987,47.26,46.38,48.295,46.26,2022-02-23T05:00:00.0,121892
2.1003676e7,45.3334,44.15,46.35,46.405,43.91,2022-02-24T05:00:00.0,182641
1.3430064e7,46.9896,46.35,47.43,47.475,45.85,2022-02-25T05:00:00.0,123520
1.8169141e7,46.4749,46.24,46.72,47.12,45.84,2022-02-28T05:00:00.0,140118
2.1534165e7,44.7527,46.02,44.52,46.1597,44.155,2022-03-01T05:00:00.0,178231
1.9006432e7,45.8799,44.68,46.32,46.6,44.56,2022-03-02T05:00:00.0,158819
1.8956328e7,45.2059,46.21,44.9,46.74,44.605,2022-03-03T05:00:00.0,141422
2.6447433e7,42.6609,44.03,42.4,44.16,41.99,2022-03-04T05:00:00.0,212027
2.5923909e7,40.5917,42.29,39.83,42.44,39.75,2022-03-07T05:00:00.0,209634
2.4145075e7,40.8087,40.84,40.2,42.31,39.955,2022-03-08T05:00:00.0,200501
2.1309046e7,42.3748,42.26,42.28,42.86,41.8,2022-03-09T05:00:00.0,175592
1.7991221e7,41.4706,41.405,41.85,42.23,40.855,2022-03-10T05:00:00.0,141398
1.359191e7,41.8142,42.08,41.51,42.3399,41.48,2022-03-11T05:00:00.0,118990
1.8913965e7,41.1387,41.74,40.83,42.43,40.37,2022-03-14T04:00:00.0,130935
1.6051033e7,41.7536,40.83,42.13,42.25,40.8,2022-03-15T04:00:00.0,111531
1.6993376e7,43.5289,43.0,43.85,44.17,42.37,2022-03-16T04:00:00.0,142415
1.3909003e7,43.3794,42.92,43.66,43.83,42.6,2022-03-17T04:00:00.0,107274
1.9834428e7,44.3549,43.23,44.82,45.04,43.13,2022-03-18T04:00:00.0,127221
1.7903892e7,43.6818,44.28,43.61,44.67,43.22,2022-03-21T04:00:00.0,135837
1.4678126e7,44.6145,44.24,44.56,45.27,44.09,2022-03-22T04:00:00.0,104656
1.5142284e7,44.0378,44.0,43.78,44.52,43.77,2022-03-23T04:00:00.0,105377
1.1106219e7,44.3937,44.05,44.35,44.86,43.95,2022-03-24T04:00:00.0,88996
1.036118e7,43.734,44.275,43.65,44.31,43.395,2022-03-25T04:00:00.0,93215
1.2175188e7,43.8727,43.9,44.22,44.25,43.28,2022-03-28T04:00:00.0,95298
1.6778106e7,46.2364,45.41,46.26,46.74,45.24,2022-03-29T04:00:00.0,145890
1.2818817e7,45.4936,45.64,45.22,46.03,45.04,2022-03-30T04:00:00.0,99454
1.7335035e7,44.184,44.84,43.74,44.9,43.74,2022-03-31T04:00:00.0,124426
1.6791463e7,43.0088,44.16,42.96,44.45,42.41,2022-04-01T04:00:00.0,140867
1.2598535e7,43.1517,43.27,43.18,43.42,42.53,2022-04-04T04:00:00.0,96567
1.9853868e7,41.7192,42.96,41.42,43.1599,41.32,2022-04-05T04:00:00.0,138630
2.9254866e7,40.0028,40.79,39.5,41.33,39.48,2022-04-06T04:00:00.0,206367
2.829758e7,38.4695,39.29,38.72,39.53,37.6,2022-04-07T04:00:00.0,213749
2.2086839e7,39.3672,38.35,39.35,40.05,38.1689,2022-04-08T04:00:00.0,142495
2.501525e7,40.4091,38.81,40.33,41.3355,38.69,2022-04-11T04:00:00.0,141682
1.7212784e7,40.2928,40.61,40.04,40.78,39.64,2022-04-12T04:00:00.0,131796
1.0897568e7,40.1655,39.62,40.22,40.45,39.545,2022-04-13T04:00:00.0,98817
1.3315701e7,40.3137,40.15,40.13,40.78,40.09,2022-04-14T04:00:00.0,99761
1.1797953e7,40.4763,40.13,40.63,40.93,39.95,2022-04-18T04:00:00.0,88653
1.3852801e7,41.8862,40.81,42.08,42.19,40.81,2022-04-19T04:00:00.0,100724
1.2889808e7,42.0859,42.25,41.72,43.24,41.69,2022-04-20T04:00:00.0,103345
1.2544024e7,41.2443,42.76,40.71,43.0,40.56,2022-04-21T04:00:00.0,104575
1.6918402e7,40.1366,40.46,39.84,40.74,39.78,2022-04-22T04:00:00.0,125672
1.8704424e7,39.3974,39.35,39.82,39.99,38.67,2022-04-25T04:00:00.0,142737
2.1679495e7,38.408,39.22,38.04,39.45,37.885,2022-04-26T04:00:00.0,168673
1.9814332e7,38.6042,38.29,38.66,39.52,37.7,2022-04-27T04:00:00.0,158956
2.2795593e7,38.5151,39.35,38.75,39.61,37.31,2022-04-28T04:00:00.0,169062
1.6737826e7,38.4098,38.81,37.91,39.42,37.78,2022-04-29T04:00:00.0,122395
1.6119935e7,37.9305,37.67,38.45,38.49,37.25,2022-05-02T04:00:00.0,149216
1.8132729e7,39.7682,39.32,39.94,40.27,38.817,2022-05-03T04:00:00.0,134518
1.5813743e7,40.1544,39.6,41.17,41.24,39.3,2022-05-04T04:00:00.0,124506
1.531712e7,39.8983,40.32,39.95,40.75,39.35,2022-05-05T04:00:00.0,140078
1.4684856e7,39.5432,39.79,39.58,40.119,38.8,2022-05-06T04:00:00.0,134895
1.8508834e7,38.7001,38.98,38.26,40.22,38.075,2022-05-09T04:00:00.0,154835
2.0206365e7,38.4575,39.39,38.7,39.49,37.52,2022-05-10T04:00:00.0,160330
1.8050835e7,38.1289,38.78,37.27,39.44,37.17,2022-05-11T04:00:00.0,160332
4.317223e7,35.3927,35.46,35.56,36.2,34.58,2022-05-12T04:00:00.0,277868
2.2997285e7,38.0136,36.18,38.21,38.49,36.07,2022-05-13T04:00:00.0,182595
1.6512222e7,37.2174,38.01,37.1,38.04,36.76,2022-05-16T04:00:00.0,122217
1.5505718e7,37.9197,38.03,38.1,38.5499,37.345,2022-05-17T04:00:00.0,105501
1.9255669e7,36.2659,37.5,35.83,37.77,35.59,2022-05-18T04:00:00.0,145929
1.5545128e7,36.0956,35.38,36.12,36.65,35.15,2022-05-19T04:00:00.0,126704
2.4408025e7,35.2326,37.01,35.4,37.08,34.385,2022-05-20T04:00:00.0,166055
1.9959789e7,36.0026,35.93,36.0,36.6099,35.09,2022-05-23T04:00:00.0,125322
1.5099374e7,35.0101,35.53,35.21,35.57,34.3099,2022-05-24T04:00:00.0,130893
1.5409473e7,35.8281,34.9,35.98,36.35,34.9,2022-05-25T04:00:00.0,119022
1.4568401e7,37.3986,36.38,37.42,37.76,36.38,2022-05-26T04:00:00.0,106558
1.5684244e7,38.2095,37.8,38.57,38.59,37.36,2022-05-27T04:00:00.0,100269
1.9857918e7,38.6404,38.61,38.68,38.95,37.955,2022-05-31T04:00:00.0,98804
1.2190761e7,38.5789,39.01,38.27,39.64,37.895,2022-06-01T04:00:00.0,98718
1.073547e7,38.8969,38.4,38.87,39.25,38.36,2022-06-02T04:00:00.0,97619
1.1670548e7,37.7826,38.09,37.61,38.29,37.48,2022-06-03T04:00:00.0,97604
1.1028981e7,37.8159,38.35,37.83,38.43,37.51,2022-06-06T04:00:00.0,82551
1.4456339e7,37.8372,37.22,38.37,38.46,36.82,2022-06-07T04:00:00.0,93594
1.0210293e7,38.0305,38.34,37.69,38.77,37.63,2022-06-08T04:00:00.0,95685
9.311246e6,37.1211,37.48,36.65,37.68,36.63,2022-06-09T04:00:00.0,75287
1.5881111e7,35.4224,35.73,35.01,36.37,35.0,2022-06-10T04:00:00.0,125757
2.3202029e7,32.6401,33.86,32.28,34.08,32.15,2022-06-13T04:00:00.0,171491
1.789101e7,33.099,32.67,33.2,33.59,32.47,2022-06-14T04:00:00.0,131568
1.9115998e7,34.0597,33.36,34.18,34.6,33.35,2022-06-15T04:00:00.0,138400
2.2783241e7,31.5531,32.85,31.42,32.85,30.92,2022-06-16T04:00:00.0,167268
2.3649696e7,31.7308,31.45,31.88,32.39,30.65,2022-06-17T04:00:00.0,144927
1.6590096e7,32.7227,32.825,32.64,33.1,31.89,2022-06-21T04:00:00.0,117868
1.4976776e7,32.956,32.19,32.83,33.51,32.03,2022-06-22T04:00:00.0,105826
1.4410142e7,32.8298,32.92,32.99,33.345,32.23,2022-06-23T04:00:00.0,93743
1.8401621e7,34.633,33.11,34.82,35.0,33.06,2022-06-24T04:00:00.0,112920
1.0443081e7,34.7144,34.99,34.63,35.32,34.34,2022-06-27T04:00:00.0,80792
1.519946e7,34.6704,35.19,33.99,36.1277,33.95,2022-06-28T04:00:00.0,113653
1.1426738e7,33.2275,33.8,33.45,33.87,32.66,2022-06-29T04:00:00.0,91205
2.0144803e7,32.0205,32.59,31.76,32.735,31.4075,2022-06-30T04:00:00.0,124011
2.1175043e7,32.0266,31.28,32.19,32.88,31.26,2022-07-01T04:00:00.0,140142
1.965073e7,31.5353,31.11,32.37,32.43,30.33,2022-07-05T04:00:00.0,140002
1.708732e7,31.3078,32.05,31.27,32.49,30.935,2022-07-06T04:00:00.0,111624
1.4022903e7,32.5265,32.0,32.66,32.845,31.95,2022-07-07T04:00:00.0,91998
1.1765249e7,32.56,32.69,32.31,33.13,32.25,2022-07-08T04:00:00.0,80401
1.7132508e7,31.2524,31.91,30.87,32.2,30.79,2022-07-11T04:00:00.0,100745
1.9773391e7,31.6633,30.92,31.53,32.06,30.8,2022-07-12T04:00:00.0,112976
1.6196705e7,31.2759,30.85,31.72,31.845,30.36,2022-07-13T04:00:00.0,113282
1.4450406e7,31.2441,31.15,31.59,31.65,30.67,2022-07-14T04:00:00.0,105847
1.2982923e7,32.6381,32.25,32.87,32.925,31.71,2022-07-15T04:00:00.0,87836
1.2679253e7,32.9398,33.3,32.62,33.59,32.48,2022-07-18T04:00:00.0,82483
1.3186331e7,34.2542,33.35,34.4,34.6264,33.275,2022-07-19T04:00:00.0,92170
1.0110573e7,34.6657,34.18,34.76,35.015,34.05,2022-07-20T04:00:00.0,72950
1.0857423e7,34.7884,34.76,35.13,35.13,34.36,2022-07-21T04:00:00.0,70626
1.3616671e7,34.6298,35.17,34.67,35.2,34.29,2022-07-22T04:00:00.0,80062
1.4782743e7,34.6176,34.86,34.52,35.05,34.13,2022-07-25T04:00:00.0,95311
1.4533034e7,33.4859,34.035,33.34,34.08,33.04,2022-07-26T04:00:00.0,98242
1.229282e7,34.217,34.02,34.68,34.8,33.63,2022-07-27T04:00:00.0,90757
1.1802115e7,35.4124,35.005,35.74,35.75,34.6,2022-07-28T04:00:00.0,96670
1.4375912e7,36.0719,35.75,36.26,36.44,35.39,2022-07-29T04:00:00.0,96911
1.2224249e7,36.5827,36.06,36.77,36.98,35.605,2022-08-01T04:00:00.0,93761
1.3124011e7,36.5074,36.32,36.13,36.96,36.11,2022-08-02T04:00:00.0,95037
1.6047706e7,37.4338,36.79,37.31,38.19,36.75,2022-08-03T04:00:00.0,113273
1.688214e7,36.3886,37.02,36.23,37.16,36.07,2022-08-04T04:00:00.0,98279
1.0878629e7,35.9215,35.92,36.06,36.285,35.59,2022-08-05T04:00:00.0,81808
1.7405175e7,37.5088,36.62,37.56,38.18,36.46,2022-08-08T04:00:00.0,104646
1.2752205e7,36.6431,37.27,36.62,37.35,36.22,2022-08-09T04:00:00.0,89365
1.0663262e7,37.9679,37.69,37.95,38.48,37.495,2022-08-10T04:00:00.0,85721
1.0221437e7,38.5117,38.69,38.46,39.04,38.18,2022-08-11T04:00:00.0,79682
8.905309e6,39.1201,38.83,39.48,39.505,38.48,2022-08-12T04:00:00.0,72977
9.626385e6,39.3417,38.88,39.4,39.69,38.81,2022-08-15T04:00:00.0,74490
1.3944374e7,39.112,38.95,38.99,39.605,38.72,2022-08-16T04:00:00.0,80674
1.0656732e7,38.3006,38.19,38.4,38.685,37.65,2022-08-17T04:00:00.0,86666
7.004115e6,38.585,38.33,38.72,38.9,38.06,2022-08-18T04:00:00.0,53327
2.3306511e7,39.6112,39.24,39.7,40.28,39.09,2022-08-19T04:00:00.0,146261
2.0921419e7,38.5009,38.24,38.55,38.82,37.92,2022-08-22T04:00:00.0,121344
1.5394411e7,38.7074,38.96,38.56,39.41,38.42,2022-08-23T04:00:00.0,92122
1.2710327e7,39.2475,38.61,39.25,39.73,38.32,2022-08-24T04:00:00.0,83569
1.5211945e7,40.2749,39.36,40.39,40.78,39.34,2022-08-25T04:00:00.0,88977
1.6179531e7,39.8388,40.75,39.23,41.09,39.22,2022-08-26T04:00:00.0,119973
1.3324432e7,39.5625,38.77,39.51,39.975,38.701,2022-08-29T04:00:00.0,96000
1.5090641e7,39.1011,39.76,39.13,39.88,38.575,2022-08-30T04:00:00.0,103804
1.5390286e7,38.5832,39.2,38.21,39.23,38.12,2022-08-31T04:00:00.0,100769
1.1370759e7,38.0124,37.81,38.56,38.6,37.51,2022-09-01T04:00:00.0,99112
1.0860511e7,38.7904,39.32,38.47,39.525,38.325,2022-09-02T04:00:00.0,85608
1.9717256e7,38.7337,38.81,38.71,39.4709,38.405,2022-09-06T04:00:00.0,128587
1.5832394e7,39.5821,38.52,40.11,40.17,38.4,2022-09-07T04:00:00.0,91719
1.5754669e7,40.0855,39.45,40.5,40.675,39.345,2022-09-08T04:00:00.0,101734
1.2914822e7,41.1039,40.75,41.29,41.54,40.7,2022-09-09T04:00:00.0,88371
1.6332885e7,42.0015,41.66,42.05,42.36,41.405,2022-09-12T04:00:00.0,113328
1.4841575e7,40.9113,40.6,40.53,41.42,40.35,2022-09-13T04:00:00.0,119121
1.5239183e7,40.5089,40.74,40.62,40.85,39.745,2022-09-14T04:00:00.0,108431
1.5193895e7,41.2145,40.57,40.66,42.13,40.54,2022-09-15T04:00:00.0,128630
2.0899628e7,40.0319,40.06,39.97,40.57,39.71,2022-09-16T04:00:00.0,133453
1.3267707e7,41.0189,39.5,41.39,41.44,39.43,2022-09-19T04:00:00.0,97711
2.5219632e7,39.4137,40.23,39.06,40.6,38.9,2022-09-20T04:00:00.0,160608
2.0455624e7,38.6794,39.16,37.68,39.69,37.665,2022-09-21T04:00:00.0,159921
1.351972e7,37.463,37.81,37.38,38.04,37.19,2022-09-22T04:00:00.0,103818
1.7888942e7,35.4781,36.47,35.48,36.72,34.835,2022-09-23T04:00:00.0,120588
1.6777717e7,35.2002,35.1,35.04,36.05,34.67,2022-09-26T04:00:00.0,123495
1.354169e7,34.7386,35.55,34.71,35.68,34.07,2022-09-27T04:00:00.0,113084
1.204615e7,35.0698,34.75,35.25,35.5,34.36,2022-09-28T04:00:00.0,94750
1.4825112e7,33.2341,34.01,33.26,34.38,32.82,2022-09-29T04:00:00.0,121228
1.6159903e7,32.5309,32.93,32.09,33.21,32.05,2022-09-30T04:00:00.0,110769
1.4697327e7,32.8457,32.46,32.87,33.29,31.6112,2022-10-03T04:00:00.0,107930
1.981165e7,35.2882,34.2,35.8,35.8,33.92,2022-10-04T04:00:00.0,139430
1.8679447e7,34.5414,34.38,34.84,35.015,33.81,2022-10-05T04:00:00.0,127238
1.1435828e7,34.7087,34.58,34.63,35.17,34.38,2022-10-06T04:00:00.0,89066
1.1193911e7,33.6985,34.06,33.62,34.258,33.395,2022-10-07T04:00:00.0,81345
2.2996076e7,31.9862,32.38,32.29,32.615,31.105,2022-10-10T04:00:00.0,162167
1.6763874e7,32.1568,32.01,32.09,32.87,31.28,2022-10-11T04:00:00.0,124365
1.0810589e7,32.2009,32.12,32.2,32.5256,31.6,2022-10-12T04:00:00.0,88359
1.7199839e7,32.3826,31.29,32.76,32.97,31.27,2022-10-13T04:00:00.0,137448
1.1998874e7,32.8747,33.07,32.89,33.22,32.45,2022-10-14T04:00:00.0,89734
1.0960481e7,33.5063,33.7,33.57,33.95,33.0601,2022-10-17T04:00:00.0,80872
1.1144674e7,34.2898,34.78,34.25,34.9,33.98,2022-10-18T04:00:00.0,87710
1.031129e7,33.6397,33.79,33.63,34.19,33.3,2022-10-19T04:00:00.0,81603
1.357984e7,33.597,33.74,33.44,34.15,33.14,2022-10-20T04:00:00.0,90069
1.4094681e7,34.3365,33.5,35.0,35.01,33.32,2022-10-21T04:00:00.0,106755
1.8575073e7,35.4841,34.91,35.72,35.88,34.46,2022-10-24T04:00:00.0,121762
2.5537481e7,36.8687,36.45,37.01,37.48,35.83,2022-10-25T04:00:00.0,161307
1.8625068e7,37.9266,37.36,37.86,38.27,37.18,2022-10-26T04:00:00.0,120428
1.3842617e7,38.1337,38.04,38.16,38.64,37.405,2022-10-27T04:00:00.0,106015
1.0459785e7,38.5731,38.2,38.85,38.875,38.09,2022-10-28T04:00:00.0,83975
1.3957693e7,39.2027,38.55,39.25,39.655,38.36,2022-10-31T04:00:00.0,99896
1.0840624e7,39.3035,39.92,39.35,40.1,38.8501,2022-11-01T04:00:00.0,93809
1.3331334e7,39.1566,39.22,38.52,40.07,38.46,2022-11-02T04:00:00.0,105988
1.2128583e7,38.4655,37.78,38.51,38.745,37.65,2022-11-03T04:00:00.0,109052
1.5089649e7,39.0445,39.39,39.0,39.74,38.46,2022-11-04T04:00:00.0,121397
1.1526873e7,39.1798,39.36,39.39,39.47,38.69,2022-11-07T05:00:00.0,79317
1.0946427e7,39.1031,39.47,39.05,39.51,38.51,2022-11-08T05:00:00.0,85083
1.0525961e7,38.489,38.55,38.06,38.87,38.03,2022-11-09T05:00:00.0,74894
2.0197608e7,39.7569,39.15,39.74,40.595,38.86,2022-11-10T05:00:00.0,139292
1.3035214e7,41.0186,39.86,41.12,41.575,39.82,2022-11-11T05:00:00.0,103340
1.496893e7,40.4069,41.01,39.93,41.19,39.925,2022-11-14T05:00:00.0,99647
1.2389968e7,40.6371,40.7,40.24,41.37,40.01,2022-11-15T05:00:00.0,113178
1.2032457e7,38.8351,39.75,38.47,39.86,38.47,2022-11-16T05:00:00.0,90263
2.6006888e7,38.4956,38.03,38.64,39.6,37.4737,2022-11-17T05:00:00.0,175397
2.2849197e7,39.5482,39.5,39.77,39.99,39.04,2022-11-18T05:00:00.0,140968
1.2281888e7,39.4304,39.44,39.52,39.72,39.0,2022-11-21T05:00:00.0,89594
8.394359e6,39.9758,39.89,39.97,40.27,39.625,2022-11-22T05:00:00.0,69463
9.097035e6,39.9552,39.85,40.11,40.1999,39.57,2022-11-23T05:00:00.0,62954
4.615339e6,40.2667,39.81,40.46,40.47,39.81,2022-11-25T05:00:00.0,33494
1.9397853e7,39.7438,39.92,39.38,40.37,39.305,2022-11-28T05:00:00.0,96464
1.0582418e7,39.7872,39.62,39.75,40.04,39.54,2022-11-29T05:00:00.0,71291
1.4805938e7,40.0784,39.98,40.56,40.56,39.23,2022-11-30T05:00:00.0,82291
1.2335116e7,40.6485,40.77,40.43,41.38,40.415,2022-12-01T05:00:00.0,81033
9.224083e6,39.8389,39.86,39.9,40.14,39.55,2022-12-02T05:00:00.0,81425
7.633233e6,39.0823,39.47,38.79,39.62,38.685,2022-12-05T05:00:00.0,65012
1.2775523e7,38.2035,38.93,38.02,39.09,37.35,2022-12-06T05:00:00.0,83028
1.1613837e7,38.0004,37.665,37.96,38.33,37.56,2022-12-07T05:00:00.0,68525
8.622465e6,38.1007,38.07,38.2,38.26,37.6,2022-12-08T05:00:00.0,69202
8.865477e6,38.2724,37.85,38.28,38.555,37.78,2022-12-09T05:00:00.0,64076
1.3873186e7,38.399,38.32,38.49,38.67,38.0155,2022-12-12T05:00:00.0,82875
1.2154529e7,39.0192,39.66,38.77,40.01,38.53,2022-12-13T05:00:00.0,109437
1.1964569e7,38.577,38.74,38.36,39.09,37.9601,2022-12-14T05:00:00.0,99706
1.129514e7,37.5551,37.79,37.62,37.803,37.19,2022-12-15T05:00:00.0,85663
2.7530543e7,36.2563,37.03,36.15,37.2,35.87,2022-12-16T05:00:00.0,122577
1.2247974e7,35.7174,36.28,35.42,36.4,35.36,2022-12-19T05:00:00.0,88033
1.0934298e7,35.1999,35.26,35.2,35.585,34.78,2022-12-20T05:00:00.0,78591
9.959851e6,35.841,35.72,35.9,36.035,35.47,2022-12-21T05:00:00.0,67059
2.0229777e7,33.8054,35.17,33.53,35.18,33.28,2022-12-22T05:00:00.0,136244
1.0619117e7,33.6704,33.68,33.83,33.88,33.18,2022-12-23T05:00:00.0,78262
9.98444e6,33.4383,33.52,33.32,33.75,33.02,2022-12-27T05:00:00.0,72221
9.550913e6,32.7653,33.32,32.53,33.5,32.515,2022-12-28T05:00:00.0,81048
1.1634864e7,33.4277,32.82,33.67,33.675,32.82,2022-12-29T05:00:00.0,86462
1.1807418e7,33.5099,33.33,33.64,33.755,33.23,2022-12-30T05:00:00.0,88752
1.1793319e7,33.7859,34.015,33.82,34.34,33.395,2023-01-03T05:00:00.0,84686
1.1326255e7,34.6251,34.29,34.69,34.945,34.09,2023-01-04T05:00:00.0,79258
1.1932042e7,34.925,34.2,35.0,35.435,34.12,2023-01-05T05:00:00.0,92110
9.783503e6,35.5482,34.69,35.91,36.005,34.55,2023-01-06T05:00:00.0,82349
1.1617948e7,36.2244,36.53,35.92,36.84,35.845,2023-01-09T05:00:00.0,81321
1.0280416e7,36.7444,36.14,37.11,37.14,35.895,2023-01-10T05:00:00.0,78550
1.5190326e7,37.774,37.35,37.82,38.11,37.15,2023-01-11T05:00:00.0,100410
1.5318469e7,38.2739,38.14,38.33,38.61,37.83,2023-01-12T05:00:00.0,102746
2.1242759e7,36.418,36.48,36.51,36.73,35.805,2023-01-13T05:00:00.0,148966
1.3916053e7,36.5597,36.5,36.61,37.14,36.21,2023-01-17T05:00:00.0,92444
1.132268e7,36.7321,37.06,36.44,37.53,36.425,2023-01-18T05:00:00.0,92982
1.1403615e7,35.6406,35.65,35.73,36.02,35.13,2023-01-19T05:00:00.0,80217
1.7187157e7,35.5916,35.68,35.35,36.01,35.285,2023-01-20T05:00:00.0,105951
1.7001893e7,36.2126,35.685,36.44,36.595,35.5275,2023-01-23T05:00:00.0,116630
1.2072103e7,36.3105,36.0,36.2,36.66,35.82,2023-01-24T05:00:00.0,73688
1.3715601e7,36.0509,35.99,36.32,36.55,35.38,2023-01-25T05:00:00.0,98910
1.9558993e7,36.4876,36.99,36.48,37.18,36.23,2023-01-26T05:00:00.0,113978
2.1988203e7,37.6404,36.58,37.95,38.24,36.44,2023-01-27T05:00:00.0,133961
2.3596768e7,36.7367,36.75,36.29,37.275,36.22,2023-01-30T05:00:00.0,139813
4.7396263e7,39.0901,38.93,39.32,39.7299,38.33,2023-01-31T05:00:00.0,242386
2.5569532e7,39.2399,39.45,39.3,39.84,38.56,2023-02-01T05:00:00.0,153611
2.8757036e7,41.0781,40.28,41.5,42.05,39.92,2023-02-02T05:00:00.0,193872
1.8566705e7,41.5073,40.65,41.13,41.985,40.31,2023-02-03T05:00:00.0,138234
1.4270242e7,41.2887,40.9,41.34,41.61,40.765,2023-02-06T05:00:00.0,86923
1.154246e7,41.308,41.26,41.4,41.775,40.74,2023-02-07T05:00:00.0,88134
1.2318527e7,41.6369,41.08,41.57,42.1,40.9837,2023-02-08T05:00:00.0,89346
2.0848917e7,42.1358,42.09,41.63,42.985,41.49,2023-02-09T05:00:00.0,137509
1.1447449e7,41.3238,41.24,41.35,41.625,40.96,2023-02-10T05:00:00.0,85520
1.2854771e7,41.7567,40.73,42.02,42.08,40.7209,2023-02-13T05:00:00.0,88914
1.3012388e7,42.3981,41.7,42.43,42.73,41.69,2023-02-14T05:00:00.0,97010
1.1660846e7,42.6087,42.14,42.95,42.98,42.05,2023-02-15T05:00:00.0,88173
1.454957e7,43.1407,42.39,43.1,43.63,42.225,2023-02-16T05:00:00.0,110034
1.3034085e7,42.7879,43.0,43.17,43.17,42.19,2023-02-17T05:00:00.0,90846
1.2320063e7,41.5998,42.43,41.13,43.08,41.09,2023-02-21T05:00:00.0,102468
9.870027e6,40.9583,41.23,40.89,41.47,40.63,2023-02-22T05:00:00.0,80415
1.9930732e7,39.4092,41.05,39.25,41.26,38.87,2023-02-23T05:00:00.0,142780
1.2929634e7,38.9282,38.91,39.18,39.32,38.46,2023-02-24T05:00:00.0,106497
1.7216336e7,39.3547,39.53,39.31,40.01,39.14,2023-02-27T05:00:00.0,86279
1.7166695e7,38.7803,39.21,38.74,39.245,38.495,2023-02-28T05:00:00.0,108654
1.4164837e7,38.8777,38.68,38.72,39.33,38.64,2023-03-01T05:00:00.0,93690
1.2888774e7,39.1324,38.405,39.53,39.56,38.12,2023-03-02T05:00:00.0,91709
1.3429737e7,40.9408,40.39,41.01,41.35,40.25,2023-03-03T05:00:00.0,107151
9.809967e6,40.649,41.02,40.45,41.19,40.2519,2023-03-06T05:00:00.0,84646
1.2126935e7,39.8543,40.22,39.74,40.43,39.62,2023-03-07T05:00:00.0,78088
1.0674833e7,39.6732,39.7,39.76,40.02,39.37,2023-03-08T05:00:00.0,80848
1.560407e7,38.3514,39.52,37.82,39.7,37.76,2023-03-09T05:00:00.0,117333
1.4139401e7,36.8339,37.7,36.52,37.775,36.26,2023-03-10T05:00:00.0,130864
2.1584242e7,35.7319,35.62,35.76,36.31,34.86,2023-03-13T04:00:00.0,171365
1.8938244e7,35.7367,36.46,35.6,36.67,35.075,2023-03-14T04:00:00.0,136985
1.7992055e7,34.1141,34.61,34.33,34.62,33.63,2023-03-15T04:00:00.0,154898
2.3888078e7,34.5375,33.85,34.61,34.92,33.76,2023-03-16T04:00:00.0,157125
2.7743505e7,33.4699,34.28,33.38,34.28,33.12,2023-03-17T04:00:00.0,132339
1.4938791e7,33.7585,33.45,33.62,34.25,33.2674,2023-03-20T04:00:00.0,104120
1.3685142e7,35.0395,34.63,35.1,35.32,34.46,2023-03-21T04:00:00.0,102659
1.29297e7,34.6714,35.13,34.05,35.32,34.03,2023-03-22T04:00:00.0,103339
1.677163e6,34.5638,34.37,34.47,34.7603,34.36,2023-03-23T04:00:00.0,16684
